movieCd,movieNm,openDt
20050120,피크닉,20050623
20050225,찰리와 초콜릿 공장,20050916
20050010,콘스탄틴,20050208
20040683,스왈로우테일 버터플라이,20050623
20050244,마태복음,20050901
20050049,주먹이 운다(Crying Fist),20050401
20050017,달콤한 인생,20050401
20040798,클로저,20050203
20050333,왕의 남자,20051229
20050082,이터널 선샤인,20051110
20050238,칠검,20050929
20050219,가문의 위기,20050907
20050330,작업의 정석,20051221
20050283,"소년, 천국에 가다",20051111
20050106,극장전,20050526
20050029,엄마,20050407
20050257,케이브,20051020
20050076,혈의 누,20050504
20050094,소녀검객 아즈미 대혈전 2,20050429
20050305,나의 결혼원정기,20051123
20050226,토니 타키타니,20050922
20050153,목두기 비디오,20050715
20050340,내 미국 삼촌,20051223
20050245,사랑니,20050929
20050270,과거가 없는 남자,20051014
20050162,카페 뤼미에르,20051020
20050232,내 생애 가장 아름다운 일주일,20051007
20050123,에로스,20050630
20050045,"안녕, 형아",20050527
20050292,광식이 동생 광태,20051123
20040774,몽정기2,20050114
20050007,그때 그 사람들,20050203
20050118,릴리 슈슈의 모든 것,20050623
20050310,해리 포터와 불의 잔,20051201
20050042,"지금, 만나러 갑니다",20050325
20040784,시티 오브 갓,20051104
20050112,배트맨 비긴즈,20050624
20050239,너는 내 운명,20050923
20050009,몽상가들,20050325
20050148,친절한 금자씨,20050729
20050077,댄서의 순정,20050428
20050342,청연,20051229
20050180,웰컴 투 동막골,20050804
20050163,왕후 심청,20050811
20050216,형사 Duelist,20050908
20050173,갇힌 여인,20051223
20050164,더 독,20050916
20050027,코러스,20050303
20050041,인게이지먼트,20050311
20050028,밀리언 달러 베이비,20050310
20050280,미스터 소크라테스,20051110
20040790,뉴 폴리스 스토리,20050121
20050025,피와 뼈,20050225
20050250,당신이 사랑하는 동안에,20051013
20050038,아무도 모른다,20050401
20050241,빛나는 거짓,20050916
20050078,킹덤 오브 헤븐,20050504
20050008,B형 남자친구,20050203
20050135,분홍신,20050630
20050083,연애술사,20050520
20040744,샤크,20050107
20050046,남극일기,20050519
20050233,강력 3반,20050929
20040776,쿵푸 허슬,20050114
20040775,키다리 아저씨,20050114
20050011,파송송 계란탁,20050218
20040778,마파도,20050310
20050110,연애의 목적,20050610
20050178,박수칠 때 떠나라,20050811
20050160,가발,20050812
20050282,러브토크,20051111
20050323,연애,20051209
20050220,외출,20050907
20040786,공공의 적 2,20050127
20050288,무영검,20051118
20040785,말아톤,20050127
20050197,종려나무 숲,20050915
20050271,오로라 공주,20051027
20050303,용서받지 못한 자,20051118
20040751,"여자, 정혜",20050310
20050326,태풍,20051214
20050055,나는 나를 파괴할 권리가 있다,20050415
20050324,킹콩,20051214
20050064,간 큰 가족,20050609
20050237,미스터 주부퀴즈왕,20050930
20050306,애인,20051208
20050261,야수와 미녀,20051027
20050013,잠복근무,20050317
20050141,천군,20050715
20050174,사우스 스트리트의 소매치기 ,20050707
20050365,올리버 트위스트,20051229
20050015,태풍태양,20050602
20050189,"이대로, 죽을 순 없다(Short Time)",20050818
20050093,폼포코 너구리 대작전,20050428
20050258,신화 : 진시황릉의 비밀,20051013
20050332,파랑주의보,20051222
20050252,신주쿠 여고생 납치사건(완전한 사육),20051014
20050276,"사랑해, 말순씨",20051103
20050203,로렌조의 밤,20050819
20050139,인 디스 월드,20050707
20060092,린다 린다 린다,20060413
20060347,판의 미로 - 오필리아와 세 개의 열쇠,20061130
20060082,매치 포인트,20060413
20060045,스윙걸즈,20060323
20060247,해변의 여인,20060831
20060143,언러브드,20060524
20060353,해바라기,20061123
20060022,폭풍우 치는 밤에,20060209
20060221,기묘한 서커스,20061019
20060011,죽여주는 여자,20060112
20050355,음란서생,20060223
20060176,양아치어조,20060623
20060017,흡혈형사 나도열,20060209
20060151,괴물,20060727
20060314,보리밭을 흔드는 바람,20061102
20060330,녹차의 맛,20061123
20050349,홀리데이,20060119
20060284,라디오 스타,20060928
20060363,디어 평양,20061123
20060337,디파티드,20061123
20060125,"생, 날선생",20060525
20060006,메종 드 히미코,20060126
20060048,브이 포 벤데타,20060316
20060258,야연,20060921
20060095,콘스탄트 가드너,20060504
20060250,귀향,20060921
20060365,수면의 과학,20061221
20060386,황혼의 빛,20061214
20060277,타짜,20060928
20060387,미녀는 괴로워,20061214
20060077,연리지,20060413
20060229,아이스케키,20060824
20060272,구미호 가족,20060928
20050344,여교수의 은밀한 매력,20060316
20060100,사생결단,20060427
20050313,아치와 씨팍,20060628
20060147,한반도,20060713
20060008,더 차일드,20060127
20060061,히든,20060330
20060123,가족의 탄생,20060518
20060384,고마운 사람,20060113
20060134,짝패,20060525
20060089,식스틴블럭,20060420
20060114,퍼펙트 스트레인저,20060504
20060040,브로크백 마운틴,20060301
20060368,방문자,20061115
20060050,무인 곽원갑,20060323
20060334,스텝 업,20061123
20060255,호텔 르완다,20060907
20050362,게이샤의 추억,20060202
20060062,망종,20060324
20060013,타임 투 리브,20060209
20060388,위대한 탄생,20061221
20060201,커피와 담배,20060727
20060137,비열한 거리,20060615
20060264,악마는 프라다를 입는다,20061025
20060210,스승의 은혜,20060803
20060157,아랑,20060628
20060333,다케시즈,20061207
20060104,노스 컨츄리,20060427
20060301,데스노트,20061102
20060228,시간,20060824
20060373,조용한 세상,20061214
20060244,우리들의 행복한 시간,20060914
20060070,구타유발자들,20060531
20060088,마이 캡틴 김대출,20060420
20060292,거룩한 계보,20061019
20060261,열혈남아,20061109
20060352,누가 그녀와 잤을까?,20061116
20060273,삼거리극장,20061123
20060339,사랑할 때 이야기하는 것들,20061130
20060019,구세주,20060216
20060225,예의없는 것들,20060824
20050363,투사부일체,20060119
20050354,사랑을 놓치다,20060126
20060025,손님은 왕이다,20060223
20060046,방과후 옥상,20060316
20060047,로망스,20060316
20060055,"모두들, 괜찮아요?",20060324
20060068,"달콤, 살벌한 연인",20060406
20060081,피터팬의 공식,20060413
20060085,도마뱀,20060427
20060093,국경의 남쪽,20060504
20060207,2월 29일 - 어느날 갑자기 첫번째 이야기,20060721
20060208,네번째 층 - 어느날 갑자기 두번째 이야기,20060727
20060191,플라이 대디,20060803
20060227,D-day-어느날 갑자기 세번째 이야기,20060803
20060248,죽음의 숲-어느날 갑자기 네번째 이야기,20060817
20060242,"연애, 그 참을 수 없는 가벼움",20060907
20060234,"두뇌유희프로젝트, 퍼즐",20060914
20061252,배낭을 멘 소년 ,20060113
20050346,싸움의 기술,20060105
20060021,다섯번째 계절,20060209
20060222,천하장사 마돈나,20060831
20060356,싸이보그지만 괜찮아,20061207
20060015,백만장자의 첫사랑,20060209
20060083,내 곁에 있어줘,20060427
20060316,사랑 따윈 필요 없어,20061109
20060214,각설탕,20060810
20060160,아파트,20060706
20070008,스쿠프,20070201
20070122,혐오스런 마츠코의 일생,20070412
20070670,크리스마스에 기적을 만날 확률,20071212
20070582,"색, 계",20071108
20070517,왕립우주군-오네아미스의 날개 ,20071018
20070501,히어로,20071101
20070585,어거스트 러쉬,20071129
20070489,이브의 유혹 - 키스,20070813
20070490,이브의 유혹 - 그녀만의 테크닉,20070820
20070029,블랙북,20070329
20070068,타인의 삶,20070322
20070454,원스,20070920
20070250,해부학 교실,20070711
20070255,만덜레이,20070726
20070170,상어,20070510
20070547,판타스틱 자살소동,20071108
20070059,판타스틱 4: 실버 서퍼의 위협,20070808
20070430,레인 오버 미,20070906
20070216,시간을 달리는 소녀,20070614
20070104,극락도 살인사건,20070412
20070665,안경,20071129
20070040,태양의 노래,20070222
20070303,조디악,20070815
20070184,줄 위의 종달새,20070517
20070061,트랜스포머,20070628
20060404,허니와 클로버,20070111
20070152,마음,20070510
20070163,달은 어디에 떠 있는가,20070503
20070522,라 비 앙 로즈,20071121
20070435,식객,20071101
20070063,해리 포터와 불사조 기사단,20070711
20070202,초속5센티미터,20070621
20060423,드림걸즈,20070222
20070262,기담,20070801
20070358,어머니는 죽지 않는다,20070912
20070393,브라보 마이 라이프,20070906
20070456,비커밍 제인,20071011
20060410,황후화,20070125
20070115,밀양,20070523
20070427,여름 궁전,20070913
20070206,두 번째 사랑,20070621
20070643,헨젤과 그레텔,20071227
20060389,오래된 정원,20070104
20070602,마녀배달부 키키,20071122
20070237,썸머 스톰,20070815
20070390,카모메 식당,20070802
20070127,용호문,20070510
20070502,오다기리 죠의 도쿄타워,20071025
20070437,퍼펙트 스트레인저,20070829
20070035,훌라걸스,20070301
20070497,궁녀,20071018
20070666,수용소의 삶 : 디지털 삼인삼색 2007,20071129
20070635,헤어스프레이,20071206
20071004,다즐링 주식회사,20071213
20060366,메리 크리스마스,20071220
20070252,레이디 채털리,20070711
20060430,행복을 찾아서,20070228
20070264,라따뚜이,20070725
20070034,그 여자 작사 그 남자 작곡,20070228
20070037,페인티드 베일,20070315
20070552,은하해방전선,20071129
20070377,방황의 날들,20070907
20070014,1번가의 기적,20070214
20060417,최강로맨스,20070125
20060408,천년여우 여우비,20070125
20060405,데스노트 : 라스트 네임,20070110
20070023,어깨 너머의 연인,20071018
20070466,세븐 데이즈,20071114
20070500,펀치레이디,20071025
20060230,전설의 고향,20070523
20070126,이대근 이 댁은,20070501
20070109,파란자전거,20070419
20070418,괜찮아 울지마,20070830
20070289,리턴,20070808
20070367,지금 사랑하는 사람과 살고 있습니까?,20070815
20070421,권순분여사 납치사건,20070912
20070380,즐거운 인생,20070913
20070434,바르게 살자,20071018
20072520,우리 동네,20071129
20070610,싸움,20071212
20060403,언니가 간다,20070104
20060407,마파도2,20070118
20070015,그놈 목소리,20070201
20070637,색즉시공 시즌2,20071212
20070089,만남의 광장,20070815
20070151,못말리는 결혼,20070510
20070084,이장과 군수,20070329
20070042,좋지 아니한가,20070301
20070066,수,20070322
20070097,동갑내기 과외하기 레슨 2,20070419
20070111,아들,20070501
20070205,검은 집,20070621
20060421,바람피기 좋은 날,20070208
20070394,철콘 근크리트,20070802
20060418,"사랑해, 파리",20070201
20070226,"뉴욕에서 온 남자, 파리에서 온 여자",20070719
20070020,복면달호,20070214
20070422,본 얼티메이텀,20070912
20070095,아내의 애인을 만나다,20070426
20070316,디워,20070801
20081430,아가타와 끝없는 독서,20081017
20080833,다찌마와리,20080814
20080052,밤과 낮,20080228
20080496,전원에 죽다,20080422
20080223,내겐 너무 사랑스러운 그녀,20080320
20081136,렛 미 인,20081113
20080379,포비든 킹덤: 전설의 마스터를 찾아서,20080424
20050086,사과,20081016
20071068,별별 이야기 2-여섯 빛깔 무지개,20080417
20081426,캘커타 사막의 베니스라는 그의 이름,20081018
20080154,밑바닥,20080301
20070548,6년째 연애중,20080205
20070591,나의 노래는,20080424
20070589,여기보다 어딘가에,20080821
20081056,다크 나이트,20080806
20081391,미쓰 홍당무,20081016
20081677,마음의 속삭임,20081127
20080035,크레이지,20080205
20080653,쿵푸 팬더,20080605
20081169,맘마미아!,20080903
20081445,굿바이,20081030
20081701,그래도 내가 하지 않았어,20081211
20081395,아내가 결혼했다,20081023
20080337,테이큰,20080409
20081057,월ㆍE,20080806
20080477,카라멜,20080904
20072152,"좋은 놈, 나쁜 놈, 이상한 놈 ",20080717
20080637,서양 골동 양과자점 앤티크,20081113
20080834,당신이 잠든 사이에,20080814
20080142,마이 뉴 파트너,20080306
20071060,걸스카우트,20080605
20061223,소년은 울지 않는다,20081106
20070382,우리 생애 최고의 순간,20080110
20080034,잠수종과 나비,20080214
20080227,아임 낫 데어,20080529
20081552,피아노의 숲,20081030
20080024,오퍼나지: 비밀의계단,20080214
20080335,애프터 웨딩,20080417
20071066,말할 수 없는 비밀,20080110
20080289,비투스,20080409
20080259,작별,20080327
20080649,해바라기 가족,20080509
20081002,멋진 하루,20080925
20081273,두 개의 눈을 가진 아일랜드,20080918
20081336,자유로운 세계,20080925
20080011,원스어폰어타임,20080131
20080394,비스티 보이즈,20080430
20081244,울학교 이티,20080911
20080046,추격자,20080214
20080890,순정만화,20081127
20072686,모던보이,20081002
20080517,페르세폴리스,20080508
20081447,콰이어트 맨,20081127
20080828,도화선,20080612
20081697,트와일라잇,20081210
20080667,그들 각자의 영화관,20080515
20070473,러브 인 클라우즈,20081231
20072067,어느날 그 길에서,20080327
20080060,리벤지45,20080228
20080513,갓파 쿠와 여름방학을,20080626
20080071,노인을 위한 나라는 없다,20080221
20080984,리피피,20080809
20081611,미인도,20081113
20080846,인디애니박스:셀마의 단백질 커피,20080620
20080222,나도 모르게,20080320
20080226,숙명,20080320
20061233,쇼킹패밀리,20080508
20080143,데어 윌 비 블러드,20080306
20080078,람보 4 : 라스트 블러드,20080228
20081179,범죄에 대한 수필(아르치발도 드 라 크루즈의 범죄 인생),20080822
20081673,오스트레일리아,20081210
20081664,럼블 피쉬,20081124
20080349,버킷 리스트:죽기전에 꼭 하고싶은것들,20080409
20080677,우린 액션배우다,20080828
20080935,에드워드 2세,20080629
20080062,데스노트 L: 새로운 시작,20080221
20081716,쌍화점,20081230
20061221,"나의 친구, 그의 아내",20081127
20081132,아기와 나,20080814
20071675,더 게임,20080130
20070291,무림여대생,20080626
20080105,집결호,20080306
20080750,달콤한 거짓말,20081218
20071064,무방비도시,20080110
20070660,뜨거운 것이 좋아,20080117
20081001,신기전,20080904
20071067,슈퍼맨이었던 사나이,20080131
20080736,강철중: 공공의 적 1-1,20080619
20080930,천사의 대화,20080628
20080077,워,20080228
20081672,과속스캔들,20081203
20081668,초감각 커플,20081127
20080243,존 휴스턴 회고전-비트 더 데블,20080315
20072148,GP 506,20080403
20072687,경축! 우리사랑,20080410
20080764,님은 먼 곳에,20080724
20080328,미운 오리 새끼의 모험,20080403
20081331,동키호테,20080925
20081058,고死 : 피의 중간고사,20080807
20081243,영화는 영화다,20080911
20090203,내 남자의 아내도 좋아,20090415
20090161,슬럼독 밀리어네어,20090319
20090586,알제리 전투,20091015
20090340,걸어도 걸어도,20090618
20090307,국가대표,20090729
20090237,김씨표류기,20090514
20090015,적벽대전 2 : 최후의 결전,20090122
20090667,파주,20091028
20090805,돌멩이의 꿈,20091210
20081649,낙타는 말했다,20091113
20090264,"바다 쪽으로, 한 뼘 더",20090521
20090500,황금시대,20090910
20090786,시간의 춤,20091203
20090445,썸머 워즈,20090813
20090042,핸드폰,20090219
20090379,해리 포터와 혼혈 왕자,20090715
20090860,포켓 몬스터 DP: 아르세우스 초극의 시공으로,20091224
20080266,"지금, 이대로가 좋아요",20090423
20090578,바스터즈: 거친 녀석들,20091028
20090077,전우치,20091223
20090588,브로큰 임브레이스,20091119
20081656,제불찰씨 이야기,20090312
20090842,로망은 없다,20091210
20090844,여자 없는 세상,20091210
20090843,너와 나의 21세기,20091210
20090037,24 시티,20090129
20090841,나는 곤경에 처했다!,20091210
20081616,그녀들의 방,20090312
20081661,어떤 개인 날,20090312
20081648,장례식의 멤버,20090312
20090248,마더,20090528
20090528,페임,20090924
20090321,애니 레보비츠: 렌즈를 통해 들여다본 삶,20090611
20090207,엽문,20090416
20081396,사람을 찾습니다,20091217
20090590,청담보살,20091111
20090328,여행자,20091029
20090258,로니를 찾아서,20090604
20090312,토끼와 리저드,20091022
20090076,나는 행복합니다,20091126
20090261,잘 알지도 못하면서,20090514
20090344,요시노 이발관,20090625
20090557,호우시절,20091008
20090839,친구사이?,20091217
20090574,헬로우 마이 러브,20091008
20081209,낮술,20090205
20090838,판타스틱 Mr. 폭스,20091224
20090834,아바타,20091217
20090854,줄리 & 줄리아,20091210
20090054,고갈,20090903
20080576,3xFTM,20090604
20080870,마린보이,20090205
20090064,그랜 토리노,20090319
20090425,블랙,20090827
20090391,업,20090729
20090024,벤자민 버튼의 시간은 거꾸로 간다,20090212
20090074,해운대,20090722
20090434,불신지옥,20090812
20090159,약탈자들,20090618
20090023,작전,20090212
20090035,똥파리,20090416
20090510,이태원 살인사건,20090910
20090530,섹스 드라이브,20090917
20090664,시간 여행자의 아내,20091028
20090427,지.아이.조 : 전쟁의 서막,20090806
20090724,내 눈에 콩깍지,20091105
20090065,더 리더: 책 읽어주는 남자,20090326
20090438,피쉬 스토리,20090730
20090605,굿모닝 프레지던트,20091022
20090600,신부의 수상한 여행가방,20091029
20090305,백야행,20091119
20090311,시크릿,20091203
20090051,차우,20090715
20090308,불꽃처럼 나비처럼,20090924
20090225,인사동 스캔들,20090429
20081737,7급 공무원,20090422
20080747,라라 선샤인,20091022
20081006,시선 1318,20090611
20090029,알파독,20090129
20081727,워낭소리,20090115
20090489,벨라,20091001
20090156,그림자 살인,20090402
20090329,내 사랑 내 곁에,20090924
20081617,푸른 강은 흘러라,20091008
20090292,반두비,20090625
20090188,소명,20090402
20081003,박쥐,20090430
20090297,거북이 달린다,20090611
20090022,키친,20090205
20090336,킹콩을 들다,20090701
20090823,비상,20091203
20090484,애자,20090909
20090389,10억,20090806
20090327,여고괴담 5,20090618
20090146,펜트하우스 코끼리,20091105
20090562,정승필 실종사건,20091008
20090075,"히말라야, 바람이 머무는 곳",20090611
20090822,바람,20091126
20090517,처음 본 그녀에게 프로포즈하기,20090909
20081512,악마가 너의 죽음을 알기전에,20090514
20100077,포스 카인드,20100225
20100103,셔터 아일랜드,20100318
20100787,옥희의 영화,20100916
20100019,여행,20100520
20100073,예언자,20100311
20090683,500일의 썸머,20100121
20101224,해리 포터와 죽음의 성물1,20101215
20101014,워리어스 웨이,20101201
20100979,검우강호,20101014
20081654,"빗자루, 금붕어 되다",20100930
20100355,뒤에서 앞에서,20100624
20100354,"단지처, 오후의 정사",20100624
20100034,채식주의자,20100218
20100264,그녀에게,20100513
20100055,뭘 또 그렇게까지,20100429
20101386,지옥,20101214
20100191,시,20100513
20100301,악마를 보았다,20100812
20100130,공기인형,20100408
20100312,인셉션,20100721
20100076,밀크,20100225
20101028,조금만 더 가까이,20101028
20101110,레인보우,20101118
20101116,테라 3D: 인류 최후의 전쟁,20101104
20101013,소셜 네트워크,20101118
20100176,허트 로커,20100422
20090914,하모니,20100128
20100788,마법천자문: 대마왕의 부활을 막아라,20100819
20100061,땅의 여자,20100909
20100206,꿈은 이루어진다,20100527
20100962,"울지마, 톤즈",20100909
20101193,하트 비트,20101125
20090916,8인: 최후의 결사단,20100121
20100365,하얀리본,20100701
20100311,엽문2,20100616
20109031,할 수 있는 자가 구하라,20101201
20101115,히어로,20101118
20101200,김종욱 찾기,20101208
20100214,아저씨,20100804
20090034,탈주,20100902
20101040,소와 함께 여행하는 법,20101103
20100286,귀 鬼,20100610
20100027,회복,20100114
20090904,의형제,20100204
20100737,잊혀진 가방,20100729
20090742,멘탈,20100408
20100018,타이탄,20100401
20090610,경계도시 2,20100318
20100190,드래곤 길들이기,20100520
20100213,부당거래,20101028
20100833,무적자,20100916
20100202,하하하,20100505
20100316,청설,20100617
20100036,키사라기 미키짱,20100211
20101339,브라보! 재즈 라이프,20101216
20100261,싱글맨,20100527
20100807,뮬란: 전사의 귀환,20100902
20101070,언스토퍼블,20101110
20090852,이웃집 좀비,20100218
20102420,엑시던트,20101230
20100796,아바타 3D 스페셜에디션,20100904
20101047,하비의 마지막 로맨스,20101028
20100473,유키와 니나,20100715
20100039,하치 이야기,20100218
20101109,두 여자,20101118
20100203,참새들의 합창,20100505
20090928,회오리 바람,20100225
20101067,스카이 크롤러,20101028
20100377,토이 스토리 3,20100805
20100188,하녀,20100513
20101223,헬로우 고스트,20101222
20100326,고死 두 번째 이야기: 교생실습,20100728
20100305,해결사,20100909
20100075,무법자,20100318
20101097,트럭 운전사 나미1,20101105
20100363,분홍돌고래,20100701
20101222,황해,20101222
20101038,대지진,20101104
20100474,쉬즈 더 원,20100715
20090874,페어러브,20100114
20090895,주유소 습격사건 2,20100121
20090160,평행이론,20100218
20090927,방자전,20100602
20100209,이끼,20100714
20101004,된장,20101021
20090901,"시네도키, 뉴욕",20100107
20100281,김복남 살인사건의 전말,20100902
20101010,초능력자,20101110
20100302,심야의 F.M.,20101014
20100296,포화속으로,20100616
20100835,방가? 방가!,20100930
20101066,맛있는 인생,20101028
20100210,맨발의 꿈,20100624
20100329,그랑프리,20100916
20100834,시라노; 연애조작단,20100916
20100131,베스트셀러,20100415
20090888,용서는 없다,20100107
20100197,7월 32일,20100422
20101113,이층의 악당,20101124
20100256,내 깡패 같은 애인,20100520
20112541,씨민과 나데르의 별거,20111013
20112314,비우티풀,20111013
20111893,킬러 엘리트,20110922
20101278,그을린 사랑,20110721
20113473,진짜로 일어날지도 몰라 기적,20111222
20119507,"사랑한다, 사랑하지 않는다",20110303
19820019,만추,20110217
20110027,아이 엠 러브,20110120
20110279,마당을 나온 암탉,20110728
20111009,해리 포터와 죽음의 성물2,20110713
20112762,티끌모아 로맨스,20111110
20112542,틴틴 : 유니콘호의 비밀,20111207
20112934,완벽한 파트너,20111117
20113805,완벽한 파트너-감독판,20111201
20124418,"금지된 섹스, 불륜",20110922
20111511,아내의 은밀한 매력,20110616
20129317,치명적 사랑애愛-문신,20111006
20111399,흉터,20111013
20119308,안티크라이스트,20110414
20119740,100년 동안의 히틀러,20110415
20101240,보라,20111124
20119577,블랙 스완,20110224
20090654,"굿바이, 평양",20110303
20119585,아따맘마 - 극장판,20110217
20111987,신들의 전쟁,20111110
20100222,엄마는 창녀다,20110331
20111250,써니 감독판,20110728
20101346,집,20110317
20111116,별을 쫓는 아이,20110825
20101233,평범한 날들,20110929
20110254,북촌방향,20110908
20111928,너는 펫,20111110
20101344,파수꾼,20110303
20112692,드라이브,20111117
20110251,풍산개,20110623
20101345,간증,20110317
20101343,짐승의 끝,20110317
20101392,소중한 날의 꿈,20110623
20110221,소스 코드,20110504
20119529,적과의 동침,20110427
20110297,블라인드,20110810
20110183,"미안해, 고마워",20110526
20119618,위험한 상견례,20110331
20119989,나는 아빠다,20110414
20119619,체포왕,20110504
20119628,마마,20110601
20110609,기생령,20110805
20110303,통증,20110907
20110322,오늘,20111027
20101195,댄스타운,20110901
20101242,무산일기,20110414
20113272,도쿄 오아시스,20111201
20110295,마이 웨이,20111221
20119890,사물의 비밀,20111117
20100369,죽이러 갑니다,20110120
20112973,퍼펙트 센스,20111124
20112651,삼총사 3D,20111012
20110900,사라의 열쇠,20110811
20110607,트루맛쇼,20110602
20113271,프렌즈: 몬스터섬의비밀 ,20111229
20110501,삼국지: 명장 관우,20110519
20113334,마지막 군단,20111110
20111926,샤넬과 스트라빈스키,20110825
20112822,청원,20111102
20101395,라푼젤,20110210
20110494,굿바이 보이,20110602
20110290,퀵,20110720
20112701,무협,20111117
20111973,환타스틱 모던가야그머,20110818
20111914,카운트다운,20110929
20119851,시간을 달리는 소녀,20110324
20119718,지구대표 롤링스타즈,20110324
20110030,꿀벌 하치의 대모험,20110113
20112272,가문의 영광4 - 가문의 수난,20110907
20110296,고양이: 죽음을 보는 두 개의 눈,20110707
20119627,세상에서 가장 아름다운 이별,20110420
20119974,수상한 고객들,20110414
20110233,화이트: 저주의 멜로디,20110609
20112151,세 얼간이 감독판,20110818
20102415,평양성,20110127
20119397,2010 빅뱅라이브콘서트 BIGSHOW 3D,20110202
20110193,써니,20110504
20101232,"혜화, 동",20110217
20119341,아이들...,20110217
20112937,소중한 날의 꿈 감독판,20111106
20119515,고지전,20110720
20112534,도가니,20110922
20112176,술에 대하여 - 극장판,20110901
20110302,최종병기 활,20110810
20119717,로맨틱 헤븐,20110324
20119836,고양이 춤,20111117
20111031,돼지의 왕,20111103
20110601,플레이,20110623
20110939,REC 알이씨,20111124
20101249,종로의 기적,20110602
20119527,헤드,20110526
20112221,히트,20111013
20110313,모비딕,20110609
20101003,혈투,20110224
20110612,커플즈,20111102
19398001,오즈의 마법사,20120503
20113481,자전거 탄 소년,20120119
20125967,멜랑콜리아,20120517
20126686,미드나잇 인 파리,20120705
20128271,577 프로젝트,20120830
20124050,화차,20120308
20120362,나우이즈굿 ,20121108
20128588,"그 시절, 우리가 좋아했던 소녀",20120822
20127046,백자의 사람 : 조선의 흙이 되다,20120712
20126409,본 레거시,20120906
20123322,칼리지,20121213
20123014,옥보단2012 : 천하애정비법,20121213
20123475,걸스 곤 데드,20121217
20120101,섹스 주식회사,20120927
20122524,AV스타납치사건,20121122
20122576,순진한 유학생,20121129
20127706,매직 마이크,20120801
20128530,아메리칸 파이: 19금 동창회,20120809
20127667,캣 런,20120712
20126668,"섹스, 거짓말 그리고 비디오 테이프",20120712
20113533,후궁 : 제왕의 첩,20120606
20125046,크레이지 호스,20120419
20111826,너무 밝히는 소녀 알마,20120426
20128246,AV 아이돌,20120802
20122025,금지된 섹스 불륜2,20121115
20122449,"맛있는 섹스, 맛있는 상상",20121122
20121941,전망 좋은 방-밀애,20121108
20123344,전망 좋은 방-맛있는 섹스,20121219
20129310,위험한 유혹,20120901
20128668,스팟걸-교수와 여제자,20120802
20125127,교수와 여제자2,20120328
20123490,쇼킹 재팬: 색의 나라,20121220
20126145,오피스 걸의 불륜,20120504
20125330,개인교수 2012,20120405
20128986,금병매 감독판,20120809
20124114,신과 인간,20120119
20090105,엄마에게,20120531
20127494,늑대아이,20120913
20128746,서칭 포 슈가맨,20121011
20129260,우리도 사랑일까,20120927
20113557,범죄와의 전쟁: 나쁜놈들 전성시대,20120202
20124045,코리아,20120503
20124134,팅커 테일러 솔저 스파이,20120209
20110340,미국의 바람과 불,20120726
20111774,가비,20120315
20124079,"광해, 왕이 된 남자",20120913
20124054,늑대소년,20121031
20125048,호빗: 뜻밖의 여정,20121213
20125467,레이드 : 첫번째 습격,20120517
20124013,청포도 사탕: 17년 전의 약속,20120906
20112861,은실이,20120308
20121627,굿닥터,20121206
20124017,마티나,20121129
20125430,슈퍼스타,20120607
20112690,가시,20120308
20112018,밀월도 가는 길,20120308
20112071,태어나서 미안해,20120308
20112561,원 데이,20121213
20112703,다크 나이트 라이즈,20120719
20125446,터치,20121108
20110312,미확인 동영상 : 절대클릭금지,20120530
20124721,어벤져스,20120426
20121241,비정한 도시 감독판,20121025
20113743,댄싱퀸,20120118
20128687,가문의 영광5 - 가문의 귀환,20121219
20126089,자칼이 온다,20121115
20125406,음치 클리닉 ,20121129
20124394,sm 헌터,20120207
20113391,나는 공무원이다,20120712
20111027,철암 계곡의 혈투,20120712
20124944,용문비갑,20120315
20124070,강철대오:구국의 철가방,20121025
20128707,웨딩스캔들,20120906
20124049,R2B: 리턴투베이스,20120815
20129626,위험한 관계,20121011
20113643,파파,20120201
20100752,달팽이의 별,20120322
20124062,연가시,20120705
20125066,파리의 도둑고양이,20120426
20122861,고양이를 빌려드립니다,20121213
20126026,블루 발렌타인,20120531
20070400,제7의 봉인,20120510
20110985,줄탁동시,20120301
20126446,해피 해피 브레드,20120628
20116038,청춘그루브,20120315
20124064,돈의 맛,20120517
20128306,피나,20120830
20126010,파닥파닥,20120725
20113486,케빈에 대하여,20120726
20127407,피라냐 3DD,20120801
20111898,미쓰 마마,20121018
20113322,만화방,20120229
20126408,시작은 키스!,20120614
20113951,페이스메이커,20120118
20128447,테이큰 2,20120927
20126566,캐빈 인 더 우즈,20120628
20124934,피에타,20120906
20124427,토리노의 말,20120223
20124021,더 그레이,20120216
20125766,야곱 신부의 편지,20120510
20134603,로마 위드 러브,20130418
20134803,변호인,20131218
20130668,내 여친은 피규어,20131024
20134583,시저는 죽어야 한다,20130502
20138661,케이온,20130613
20120106,뒷담화: 감독이 미쳤어요,20130228
20134474,"시바, 인생을 던져",20131219
20132262,적인걸2 : 신도해왕의 비밀,20131002
20120467,스토커,20130228
20130243,허풍,20130814
20138404,아름다운 이별은 없다,20130822
20130254,우리동네 포르노스타,20130710
20130601,뜨거운 욕망,20130712
20130170,바디 앤 안티바디,20130711
20138955,스프링 브레이커스,20130725
20131061,스위트 카르마,20130801
20131206,아티스트 봉만대,20130829
20098216,부기우기: 상위 1%의 섹스,20130620
20139843,밀프,20130620
20137863,남자 대 여자: 섹스가 문제다,20130503
20138925,겟코가면,20130523
20139042,친구의 아내를 탐하다,20130531
20137181,저스트 어 이어 ,20130530
20139921,셀러브리티 섹스테이프,20130627
20133570,댄서김의 은밀한 교수법,20131002
20139923,치어리더 캠프,20130704
20134321,더 피플 아이브 슬렙 위드,20130130
20132721,비키니 대작전,20130906
20130241,러브씬,20131003
20134204,사오리의 비뇨기과,20131107
20138002,내 남편의 시선,20130502
20137041,우리 선희,20130912
20134562,비포 미드나잇,20130522
20133704,그렇게 아버지가 된다,20131219
20136921,에반게리온: Q,20130425
20136810,러브액츄얼리: 크리스마스 에디션,20131218
20125431,나비와 바다,20130124
20136219,위대한 개츠비,20130516
20120108,지슬 - 끝나지 않은 세월2,20130321
20134481,모니카와의 여름 ,20130704
20113835,"앵두야, 연애하자",20130606
20130703,2 데이즈 인 뉴욕,20130829
20138581,바람의 소리,20130613
20120426,고령화 가족,20130509
20135545,바바라,20130321
20126674,설국열차,20130801
20134267,호빗: 스마우그의 폐허,20131212
20120425,사랑해! 진영아,20131107
20136861,극장판 베르세르크: 황금 시대편 Ⅲ – 강림,20130411
20122223,홀리 모터스,20130404
20139221,그래비티,20131017
20139083,언어의 정원,20130814
20135464,마세티 킬즈,20131121
20131541,블루 재스민,20130925
20138604,사랑에 빠진 것처럼,20131017
20133569,바캉스,20131017
20127190,오하이오 삿포로,20130103
20129368,파파로티,20130314
20126583,마이 리틀 히어로,20130109
20088535,동사서독 리덕스,20131205
20126003,길위에서,20130523
20123681,뽀로로 극장판 슈퍼썰매 대모험,20130123
20124082,미스터 고,20130717
20132805,안녕?! 오케스트라,20131128
20120103,닥터,20130620
20129211,설인,20130314
20120105,누구나 제 명에 죽고 싶다,20130314
20088397,미스터 노바디,20131024
20124401,신세계,20130221
19808057,라 붐,20131024
20136059,히어로,20131008
20136049,숨바꼭질,20130814
20130482,잉투기,20131114
20131923,무사 4대 문파와의 혈투,20130823
20137081,이별계약,20130620
20134413,소녀,20131107
20125527,코알라,20131024
20124083,베를린,20130130
20123422,라스트 스탠드,20130221
20138223,노브레싱,20131030
20124086,스파이,20130905
20137902,더 데이,20130422
20123381,깡철이,20131002
20124937,감기,20130814
20127526,러시안 소설,20130919
20070397,산딸기,20130516
20130541,"패션, 위험한 열정",20130814
20126611,왕자가 된 소녀들,20130418
20125333,전설의 주먹,20130410
20134407,사이코메트리,20130307
20136661,프랑스 다이어리,20130606
20129262,제로 다크 서티,20130307
20129114,더 웹툰: 예고살인,20130627
20128386,라이프 오브 파이,20130101
20133421,셜리에 관한 모든 것,20131226
20130784,라 당스,20130822
20123781,여친남친,20130207
20134046,월터의 상상은 현실이 된다,20131231
20126008,잠 못 드는 밤,20130530
20132120,러시 : 더 라이벌,20131009
20140223,헬리,20140828
20141806,미녀 파이터 : 그녀들의 전쟁,20141002
20141621,마미,20141218
20141001,거인,20141113
20141704,목숨,20141204
20140164,분신사바-저주의 시작,20140930
20147447,유혹의 기술,20140123
20148853,배꼽과 무릎사이,20140522
20143702,"금지된 섹스, 스와핑",20141119
20141963,나는 야한 여자가 좋다 2,20141001
20149542,나는 야한 여자가 좋다,20140710
20139162,두 아내,20140317
20141422,위험한 유혹 - 추억이 떠나면 외로움만 남는다,20140917
20145161,두 번째 엄마 ,20141231
20149283,거유 치한극장,20140618
20143985,명기,20141230
20149287,덤 앤 더머 투,20141127
19538011,동경 이야기,20140816
20130442,끝까지 간다,20140529
20149629,비긴 어게인,20140813
20148830,마담 프루스트의 비밀정원,20140724
20136292,"가장 따뜻한 색, 블루",20140116
20136894,살인자,20140115
20148929,좀비스쿨,20140619
20136803,겨울왕국,20140116
20147727,그랜드 부다페스트 호텔,20140320
20148840,자유의 언덕,20140904
20149528,언더 더 스킨,20140717
19918014,아틀란티스 : 바다의 오페라 ,20140730
20148424,액트 오브 킬링,20141120
20133641,경주,20140612
20128610,앙상블,20141218
20133585,인사이드 르윈 ,20140129
20147790,캡틴 아메리카: 윈터 솔져,20140326
20147625,달라스 바이어스 클럽,20140306
20129370,명량,20140730
20134122,한공주,20140417
20140226,호빗: 다섯 군대 전투,20141217
20147788,영웅: 천하의 시작,20140320
20132796,못,20141120
20148534,신촌좀비만화,20140515
20132799,족구왕,20140821
20078582,할리우드 폭로전,20140206
20136866,노예 12년,20140227
20136802,카트,20141113
20147693,원 챈스,20140313
20148807,엣지 오브 투모로우,20140604
20136062,하이힐,20140603
20136926,프란시스 하,20140717
20136064,해적: 바다로 간 산적,20140806
20143542,지휘자를 위한 1분,20141204
20135946,고스트 메신저 극장판,20140522
20142322,가자! 장미여관으로 3 - 방황,20141008
20140401,타마코 러브 스토리,20140925
20133955,우리가족,20140724
20149818,익스펜더블 3,20140820
20148903,바세코의 아이들,20140814
20148210,빨간머리 앤 : 네버엔딩스토리,20140417
20148030,누드 모델,20140320
20148748,그녀,20140522
20138221,산타바바라,20140716
20148147,특명:돈가방을 찾아라,20140320
20131248,드래곤 길들이기 2,20140723
20136321,셔틀콕,20140424
20134586,도희야,20140522
20136812,더 울프 오브 월스트리트,20140109
20147527,그날 본 꽃의 이름을 우리는 아직 모른다,20140220
20139463,시선,20140416
20149388,사막에서 연어낚시,20141016
20139421,도둑,20140501
20143901,"파리오페라 발레의 별, 아녜스",20141210
20139164,표적,20140430
20139401,찌라시: 위험한 소문,20140220
20147678,어거스트: 가족의 초상,20140403
20135142,피부색깔=꿀색,20140508
20136567,마이 플레이스,20140130
20135401,탐욕의 제국,20140306
20147970,그레이트 뷰티,20140612
20141111,"님아, 그 강을 건너지 마오",20141127
20148129,더 바디,20140522
20147301,굿모닝 맨하탄,20140206
20143081,그 사람 그 사랑 그 세상,20141120
20129787,방황하는 칼날,20140410
20134105,나이팅게일,20140925
20132800,10분,20140424
20141808,백발마녀전: 명월천국,20141001
20140196,프랭크,20140925
20136298,행복한 사전,20140220
20149523,극장판 꽃이 피는 첫걸음 : 홈 스위트 홈,20140717
20148976,호비와 쿠우의 어드벤처 : 고래의 노래,20140612
20148603,쇼트피스,20140417
20134070,어네스트와 셀레스틴,20140220
20147451,철의 꿈,20141113
20137542,논픽션 다이어리,20140717
20137048,국제시장,20141217
20136807,특수경찰: 스페셜 ID,20140109
20123662,만신,20140306
20147432,야간비행,20140828
20141609,현기증,20141106
20147805,런치박스,20140410
20157175,괴물의 아이,20151125
20145141,위플래쉬,20150312
20143253,존 윅,20150121
20145501,돌연변이,20151022
20144322,도라에몽 : 스탠 바이 미,20150212
20140241,고녀석 맛나겠다2 : 함께라서 행복해,20150729
20159653,친구의 아내를 탐하다 2,20150507
20156663,섹슈얼 어드벤쳐,20150320
20155991,완벽한 파트너,20151005
20155283,음란한 가족,20150924
20155564,남편만 몰라요 (무삭제),20150930
20152041,남편만 몰라요,20150707
20152110,나는 야한 여자가 좋다 3 무삭제감독판,20150709
20158068,나는 야한 여자가 좋다 3,20150326
20156975,나는 야한 여자가 좋다 무삭제감독판,20150226
20156641,나는 야한 여자가 좋다 2 무삭제감독판,20150212
20151861,나도 때론 포르노그라피의 주인공이고 싶다,20151112
20155535,교수와 여제자 3,20150923
20157629,두 번째 엄마 무삭제판,20150312
20159664,전원일기: 젖소농장새댁,20151215
20154681,무삭제 스와핑-절정,20150902
20158725,동창회의 목적(무삭제),20151119
20159652,명기(무삭제),20150507
20156665,러브 호텔 무삭제판,20150212
20142624,창백한 얼굴들,20150910
20153039,러브 라이브! 더 스쿨 아이돌 무비,20150903
20158561,기생수 파트2,20150507
20144621,기생수 파트1,20150226
20157155,고시원,20151030
20151561,어우동: 주인 없는 꽃 무삭제판,20150624
20147803,한여름의 판타지아,20150611
20125648,코인라커,20150528
20155725,리틀 보이,20151210
20141705,마이 페어 웨딩,20150604
20149264,춘희막이,20150930
20159902,붓다 : 위대한 여정,20150528
20134798,연평해전,20150624
20151261,타부 : 금지된 사랑,20150903
20155702,앤트맨,20150903
20148982,반짝이는 박수 소리,20150423
20156102,바닷마을 다이어리,20151217
20148846,사도,20150916
20136057,소수의견,20150624
20144741,매드 맥스: 분노의 도로,20150514
20151782,지금은맞고그때는틀리다,20150924
20143513,미쓰 와이프,20150813
20150862,더 랍스터,20151029
20159161,마돈나,20150702
20151815,뮨: 달의 요정,20150924
20145462,이다,20150218
20141702,위로공단,20150813
20154081,없던 일,20150820
20158069,노아의 방주: 남겨진 녀석들,20150430
20151962,블러바드,20150813
20157434,베드(감독판),20150312
20157465,그놈이다,20151028
20153982,에이미,20151105
20149663,"님프, 피의 요정",20150807
20148855,극비수사,20150618
20127568,세계일주,20150326
20149570,조선명탐정 : 사라진 놉의 딸,20150211
20147947,워킹걸,20150107
20151383,마션,20151008
20148493,어벤져스: 에이지 오브 울트론,20150423
20148844,손님,20150709
20130566,무뢰한,20150527
20159506,적도,20150528
20159224,혜경궁 홍씨,20150604
20143572,뷰티 인사이드,20150820
20141608,거짓말,20151029
20135264,돼지 같은 여자,20150910
20140144,도리화가,20151125
20136063,순수의 시대,20150305
20156761,다락방의 비밀 무삭제판,20150212
20152209,퀴어영화 나비 : 어른들의 일,20150718
20148676,잡식가족의 딜레마,20150507
20157998,트립 투 잉글랜드,20151126
20159206,파리오페라발레 갈라쇼,20150502
20152821,데싸우 댄서스,20151224
20136068,히말라야,20151216
20142855,성난 변호사,20151008
20140703,장수상회,20150409
20148188,쎄시봉,20150205
20138314,후쿠시마의 미래,20150409
20143717,오늘영화,20150820
20143726,명령불복종 교사,20150514
20141611,들꽃,20151105
20133531,"나의 아들, 나의 어머니",20151217
20144601,고양이 장례식,20150115
20155744,꽃보다 처녀귀신,20150115
20140193,서부전선,20150924
20145259,오마르,20150205
20144961,제네시스: 세상의 소금,20150226
20156557,탐정 : 더 비기닝,20150924
20149062,연애의 맛,20150507
20156709,맛있는 비행,20151022
20148048,베테랑,20150805
20155441,몬스터 헌트,20151112
20152922,하루,20150806
20158518,리틀 포레스트 2: 겨울과 봄,20150514
20160942,슈퍼소닉,20161124
20167281,러시아 엄마,20160728
20166172,이레셔널 맨,20160721
20150762,순응자,20160128
20162569,오베라는 남자,20160525
20145502,남과 여,20160225
20165543,하이큐!! 승자와 패자,20161228
20162629,하이큐!! 끝과 시작,20161116
20150942,캐롤,20160204
20162145,청춘학당2 기생난입야사,20160303
20165705,섹시 캣,20161201
20168888,"금지된 섹스, 달콤한 복수 무삭제 감독판",20160825
20150982,"금지된 섹스, 달콤한 복수",20160114
20166130,내 학생의 엄마,20160825
20169366,부부의 스폰서,20160909
20160941,착한 형수,20161027
20163323,애마부인 2016,20160614
20168085,미용실 : 특별한 서비스,20161229
20161761,관음증,20160225
20160876,어린 형수 - 무삭제판,20161013
20160875,어린 형수,20160923
20161569,새엄마,20161103
20165801,젊은엄마 : 디 오리지널,20160623
20164001,착한 여비서의 목적,20160520
20160142,내 친구의 엄마,20161012
20165203,매춘 2016,20161124
20165344,주말부부,20160708
20163665,잠 못 이루는 섹스 2,20160518
20162205,잠 못 이루는 섹스,20160331
20165441,나도 때론 포르노그라피의 주인공이고 싶다 : 감독판,20160613
20163583,누나 친구 무삭제판,20160517
20161342,누나 친구,20160121
20163689,스와핑 : 친구의 아내,20161115
20165785,친구 누나 무삭제,20160621
20161971,친구 누나,20160310
20168687,교수와 여제자: 사랑,20160818
20165968,바람난 여자들 무삭제판,20161220
20165423,바람난 여자들,20160721
20160710,외도(무삭제판),20160922
20166441,외도,20160714
20163848,정사 : 결혼 말고 연애 무삭제,20161115
20162924,정사 : 결혼 말고 연애,20160419
20160401,새오빠,20160920
20166197,내 아내의 언니,20161220
20150846,신 금병매,20160107
20134445,금병매,20160908
20161869,신 금병매 2,20160218
20164301,엄딸,20160526
20153450,우리들,20160616
20145396,널 기다리며,20160310
20167102,휴가,20161208
20151224,하프,20160121
20163189,태풍이 지나가고,20160727
20120111,기억의 소리,20161215
20152105,"시발, 놈: 인류의 시작",20160818
20163285,드롭박스,20160519
20163041,자백,20161013
20158822,설행_눈길을 걷다,20160303
20150020,사울의 아들,20160225
20154661,형,20161123
20081338,400번의 구타,20160413
20150607,돌싱의 맛있는 유혹,20160110
20163164,본 투 비 블루,20160609
19648012,비틀즈: 하드 데이즈 나이트,20160505
20159364,캡틴 아메리카: 시빌 워,20160427
20156942,로렐,20160707
20161589,죽여주는 여자,20161006
20156559,계춘할망,20160519
20162242,우주의 크리스마스,20161013
20155501,주토피아,20160217
20161524,무스탕: 랄리의 여름,20160317
20160261,극장판 프리파라 모두 모여라! 프리즘☆투어즈,20161013
20167867,그물,20161006
20162365,신비한 동물사전,20161116
20159644,봉이 김선달,20160706
20159646,밀정,20160907
20150484,살인의 늪,20160211
20144444,아가씨,20160601
20140704,비밀은 없다,20160623
20163058,아브릴과 조작된 세계,20161215
20150968,국가대표 2,20160810
20163098,카이: 거울 호수의 전설,20160817
20153741,미씽: 사라진 여자,20161130
20158482,동주,20160217
20168842,위풍당당 질리 홉킨스,20161026
20162926,바그다드 카페 : 디렉터스컷,20160714
20156063,룸,20160303
20168401,카페 소사이어티,20160914
20155391,스틸 플라워,20160407
20167904,라라랜드,20161207
20167628,캡틴 판타스틱,20161130
19818004,불의 전차,20160616
20168362,극장판 울려라! 유포니엄,20160901
20149714,보이 앤 더 월드,20160804
20163137,나의 소녀시대,20160512
20149258,작은 형,20161130
20167821,시간의 종말,20161103
20154803,우리 연애의 이력,20160629
20155321,최악의 하루,20160825
20161961,나는 증인이다,20160914
20174142,아이 캔 스피크,20170921
20170921,세일즈맨,20170511
20177181,47 미터,20170719
20170402,강철비,20171214
20174164,지렁이,20170420
20177501,플립,20170712
20171024,너의 췌장을 먹고 싶어,20171025
20170883,아키라,20170831
20173226,패왕별희 디 오리지널,20170330
20174778,하이큐!! 재능과 센스,20171115
20176947,원더,20171227
20175142,극장판 쿠로코의 농구 라스트 게임,20170427
20168664,반지의 제왕 : 두개의 탑 (확장판),20170118
20173833,심야식당 2,20170608
20151181,여교사,20170104
20179961,미인어,20170222
20171090,베이비 드라이버,20170914
20161872,너의 이름은.,20170104
20170308,처녀들의 만찬,20170801
20164403,원나잇스탠드,20170328
20176324,유혹 : 내 아내의 비밀,20170515
20177462,사슬-두여자의유혹-무삭제,20170608
20170930,사슬 - 두 여자의 유혹,20170411
20176325,변태정력왕 : 투명인간의탄생,20170515
20177743,50대 장모님의 불타는 사위사랑,20171204
20177055,유부녀 야썰,20171205
20176924,달콤한 여선배 무삭제,20171127
20176339,여선생 무삭제,20171120
20176302,거부 못할 제자의 향기,20171117
20178844,사촌누나와 동거-무삭제,20171221
20178363,음란한 좀비녀의 섹스 일기,20170619
20178381,내 아내의 대낮 정사,20170619
20176659,철없는 아내의 이중생활,20171123
20176827,성 심청전,20171121
20173230,충격 여성 수용소: 섹스스캔들,20170912
20172902,형님아내3감독판(아랫집 부인) ,20170906
20170026,연상녀들 : 내가 가르쳐 줄게,20170905
20172471,처제의 속사정,20170907
20175128,내 학생의 엄마 2,20171109
20168752,내 학생의 엄마 무삭제판,20170119
20172962,착한 형수 2,20171019
20176621,착한 형수 무삭제,20170530
20173251,여자 하숙집 무삭제,20171017
20174562,여자 하숙집,20170511
20171850,내 여자의 엄마(무삭제),20170821
20179695,내 여자의 엄마,20170222
20175384,성판17: 남자들의 17가지 성적 판타지,20171130
20179001,미용실 : 특별한 서비스 무삭제,20170125
20170365,동창회의 목적: 더 비기닝 (무삭제),20170726
20160129,동창회의 목적: 더 비기닝,20170202
20175403,어린 형수 3,20171128
20170787,어린 형수 2 - 무삭제판,20170307
20170861,어린 형수 2,20170210
20178002,새엄마 무삭제,20170619
20177582,내 친구의 엄마 2: 그녀가 여자로 보일 때 (무삭제),20171204
20170687,내 친구의 엄마 2: 그녀가 여자로 보일 때,20170809
20170688,내 친구의 엄마: 친구의 엄마와 아내를 탐하다(무삭제),20170807
20176166,내 친구의 엄마: 친구의 엄마와 아내를 탐하다,20170510
20179401,내 친구의 엄마 (무삭제),20170119
20176622,매춘 2016 무삭제,20170530
20176981,내 아내의 새엄마 무삭제,20171107
20176962,내 아내의 새엄마,20170629
20173250,누나 친구 2 무삭제,20171017
20175502,누나 친구 2,20170601
20170025,정사 : 친구의 엄마,20170824
20173841,스와핑 : 친구의 아내 무삭제판,20170328
20174267,여친 엄마 무삭제,20171017
20176783,여친 엄마,20170706
20170028,일본 엄마 2,20171102
20171207,일본 엄마 무삭제,20170815
20179002,일본 엄마,20170209
20173381,새오빠 무삭제,20170404
20177642,부부교환섹스 2,20171208
20170724,부부교환섹스 2017 (무삭제),20170807
20176164,부부교환섹스 2017,20170508
20178125,내 아내의 언니 무삭제,20170619
20124470,금병매2,20170213
20172861,엄마친구 3,20170330
20172403,동창회의 목적 2,20170919
20179670,엄마친구 3 무삭제판,20170718
20175210,동창회의 목적 2 (무삭제),20171027
20179942,러빙 빈센트,20171109
20177925,심장박동 조작극,20171221
20138561,모범생,20171117
20166422,커피 메이트,20170301
20170321,목소리의 형태,20170509
20101178,루팡 3세: 칼리오스트로의 성,20170525
20150976,신과함께-죄와 벌,20171220
20157631,다른 길이 있다,20170119
20162503,미스 푸줏간,20170711
20175242,탐하다: 욕망의 섬,20170501
20174199,실종2,20171130
20176562,예수는 역사다,20170713
20170590,1987,20171227
20173301,"서서평, 천천히 평온하게",20170426
20174601,초행,20171207
20174602,노무현입니다,20170525
20166101,존 윅 - 리로드,20170222
20173901,존 윅: 특별판,20170330
20172941,옆집여자,20170620
20184091,로마,20181212
20178522,콜 미 바이 유어 네임,20180322
20175930,피의 연대기,20180118
20174265,수성못,20180419
20165045,머니백,20180412
20184842,아이 캔 온리 이매진,20180621
20176070,플로리다 프로젝트,20180307
20177946,월요일이 사라졌다,20180222
20185081,아이 필 프리티,20180606
20179286,하이큐!! 콘셉트의 싸움,20180111
20174203,열대야,20180524
20182065,대관람차,20180830
20182911,색몽 H컵의 유혹,20181022
20185042,착한언니 : AV 도우미,20180516
20183981,섹남섹녀,20180426
20183824,신입 여직원 길들이기,20181120
20183681,형님 아내4(우주공주 춘향),20180425
20183257,폭풍우 : 죽을 때 까지 하고 싶어,20181107
20183256,엄마 친구 : 매일밤 찾아와 해주는 그녀,20181031
20181782,내딸 : 아찔한 동거,20180308
20180384,은밀한쇼-달의장,20180824
20180701,내 여자가 된 형수,20180201
20189426,발칙한 동거 무삭제,20180301
20189425,발칙한 동거,20180115
20189424,쾌락 도우미 무삭제,20180118
20180044,사촌여동생 무삭제판,20180117
20182761,제주도 야한밤 무삭제,20180607
20182742,제주도 야한밤,20180329
20183388,형수의 직업_무삭제판,20180420
20182985,섹스 인 더 게임 ,20180328
20181063,섹스 인 더 게임 무삭제판,20180907
20186070,거유 새댁의 불륜,20180711
20183258,애송이 섹스 : 누나가 다 가르쳐 줄게,20181205
20183259,섹스 시그널 : 옆집 총각과 일본 새댁,20181212
20189361,아내들의 속사정,20180111
20183095,아내와 제자들: 네토라레,20180331
20183389,내 아내의 초대남들: 네토라레_무삭제판,20180420
20188861,불륜에 맛들린 순진한 아내,20180809
20180602,몸으로 접대한 아내,20180906
20185128,아내의 욕정을 풀어준 편집장,20181221
20184022,처제의 속사정2,20180503
20184240,내 학생의 엄마 3 무삭제,20181122
20186803,내 학생의 엄마 3,20180907
20175129,내 학생의 엄마 2 무삭제,20180223
20187397,옥보단2 무삭제판,20180724
20182338,룸싸롱 여대생들 무삭제,20181016
20181401,룸싸롱 여대생들,20180329
20180783,착한 형수 3 무삭제,20181107
20180782,착한 형수 3,20180607
20172963,착한 형수 2 무삭제,20180123
20181982,여자 하숙집2 무삭제,20181114
20181981,여자 하숙집2,20180322
20182383,성판17: 남자들의 17가지 성적 판타지 무삭제판 ,20180312
20176970,어린 형수 3 - 무삭제판 ,20180124
20189724,친구누나2 무삭제,20180810
20189723,친구누나2,20180208
20177884,비뇨기과 여의사들 무삭제,20180524
20177883,비뇨기과 여의사들,20180222
20179345,불륜 동창회 무삭제,20181016
20179344,불륜 동창회,20180302
20182339,정사 : 친구의 엄마 2 무삭제,20180730
20179329,정사 : 친구의 엄마 무삭제,20180116
20182358,정사 : 친구의 엄마 2,20180419
20182381,아내의 엄마 무삭제,20181108
20182359,아내의 엄마,20180510
20183786,스와핑 : 친구의 아내 2 무삭제,20181120
20187183,스와핑 : 친구의 아내 2,20180719
20187659,엄마친구 5 무삭제판,20181107
20187658,엄마친구 5,20180824
20189266,착한 장모 (무삭제),20180810
20185101,착한 장모,20180709
20183637,두번째 엄마2-무삭제판,20181120
20182384,바람난 여자들2 무삭제,20181106
20182382,바람난 여자들2,20180424
20171372,일본 엄마 2 무삭제,20180320
20181862,새오빠2 무삭제,20181106
20181799,새오빠2,20180405
20184104,부부교환섹스 3-무삭제판,20180427
20182662,부부교환섹스 3,20180326
20180041,부부교환섹스 2 (무삭제),20180125
20172868,내 아내의 언니 2 무삭제,20180417
20172883,내 아내의 언니 2,20180111
20183014,짱,20181228
20180671,호밀밭의 반항아,20181018
20186202,신과함께-인과 연,20180801
20188501,미친도시,20180830
20172767,거룩한 분노,20180628
20161724,스타박'스 다방,20180111
20180523,스타 이즈 본,20181009
20185046,서치,20180829
20173745,콜럼버스,20180419
20173202,버닝,20180517
20178449,쓰리 빌보드,20180315
20173436,셰이프 오브 워터: 사랑의 모양,20180222
20174323,B급 며느리,20180117
20180555,엘 마르,20181025
20181942,맘마미아!2,20180808
20184689,아일라,20180621
20173734,죄 많은 소녀,20180913
20171122,레디 플레이어 원,20180328
20196272,미드웨이,20191231
20176006,국경의 왕,20190228
20190689,살인귀를 키우는 여자,20191209
20198146,콜레트,20190327
20199448,어린 의뢰인,20190522
20198430,나이브스 아웃,20191204
20182588,미래의 미라이,20190116
20190280,날씨의 아이,20191030
20191306,그녀의 대범한 유혹,20191126
20193671,음란한 자매,20190712
20186324,언더독,20190116
20197359,순결선언 : 죄책감에 젖은 육체,20190321
20196444,외로운 아줌마의 성욕,20190128
20183334,"유기농 섹드립 로맨스 ""오목리 미스킴""",20190411
20191307,형수와의 비밀 - 체인지,20191126
20197582,착한처제 2019,20191025
20198299,쾌락을 알려준 새엄마,20190506
20191368,말할 수 없는 만남 - 남편 상사와의 불륜,20191126
20190440,스윙어:막장불륜멜로,20191209
20192186,섹스앤러브돌,20190528
20197854,노크노크-섹스별장 ,20190927
20196343,금지된 사랑 : 나는 친구의 아내를…,20190125
20197684,외도에 빠진 아내,20190218
20181872,내 학생의 엄마 4,20191014
20185428,룸싸롱 여대생들 2 무삭제,20191210
20185284,룸싸롱 여대생들 2,20190708
20181908,착한 형수 4,20190819
20183662,여자 하숙집 3 무삭제,20191212
20183647,여자 하숙집 3,20190612
20197395,어린 형수 5,20191017
20197151,어린 형수 4-무삭제판,20190318
20184763,어린 형수 4,20190104
20193534,쇼킹재팬 : 불륜의 왕국,20191231
20195855,내 아내의 언니 3 무삭제,20190614
20184566,내 아내의 언니 3,20190124
20199950,조커,20191002
20183782,기생충,20190530
20185881,증인,20190213
20190821,깡패들,20190902
20190804,나는 원래 대전에서 로맨틱 코미디를 찍으려고 했었다,20190601
20177539,사바하,20190220
20191644,독고다이,20190618
20181676,아내의 맛 무삭제판,20190422
20197803,겨울왕국 2,20191121
20191546,월성,20191212
20173991,얼굴들,20190124
20180937,더 페이버릿: 여왕의 여자,20190221
20184571,천문: 하늘에 묻는다,20191226
20184187,언니,20190101
20184896,가버나움,20190124
20196655,존 윅 3: 파라벨룸,20190626
20182280,졸업,20191107
20192462,마리아 칼라스: 세기의 디바,20190711
20172305,달나라에 사는 여인,20191219
20193265,지구 최후의 밤,20190725
20194447,룸싸롱 : 맛있는 서비스 2 무삭제,20191224
20194446,룸싸롱 : 맛있는 서비스 2,20190930
20199981,눈의 여왕4,20191224
20199735,유랑지구,20190418
20194066,열여섯의 봄,20191107
20192206,백두산,20191219
20181198,보희와 녹양,20190529
20169284,이태원,20191205
20183867,알라딘,20190523
20191604,애프터,20190822
20185361,두번할까요,20191017
20185161,나를 찾아줘,20191127
20188393,"다시, 봄",20190417
20195878,더 빌리지,20191107
20198414,시동,20191218
20174169,기묘한 가족,20190213
20198303,정의심판,20191017
20190470,이타미 준의 바다,20190815
20175407,우상,20190320
20184133,어제 일은 모두 괜찮아,20191121
20181103,벌새,20190829
20176251,내안의 그놈,20190109
20181434,신의 한 수: 귀수편,20191107
20182530,극한직업,20190123
20195002,블랙머니,20191113
20197394,체크 히어로,20191023
20197601,마법안개의 비밀: 황금 보물선을 찾아라,20191114
20190861,트리플 스렛,20190605
20194921,100일 동안 100가지로 100퍼센트 행복찾기,20190912
20193642,캐리tv 러브콘서트 더 무비,20190807
20183407,버티고,20191016
20172464,앨리스 죽이기,20190808
20198823,스마트폰을 떨어뜨렸을 뿐인데,20190404
20183137,동명이인 프로젝트 시즌2,20190704
20197691,잃어버린 세계를 찾아서,20191009
20188462,감쪽같은 그녀,20191204
20181168,메기,20190926
20185201,아빠는 예쁘다,20191121
20196653,유정 - 스며들다,20190424
20191302,우리 지금 만나,20190529
20193013,극장판 샤이닝스타:새로운 루나퀸의 탄생!,20190718
20198123,아틱,20190327
20198603,페이트 스테이 나이트 헤븐즈필 제2장 로스트 버터플라이,20190321
20191105,나만 없어 고양이,20190822
20196284,윤희에게,20191114
20193385,하이큐!! 땅 VS 하늘,20200123
20209771,갈릴리 예수,20201126
20185616,기도의 힘,20200409
20173761,犬견 : 버려진 아이들,20201018
20204107,주디,20200325
20190811,너의 새는 노래할 수 있어 ,20200416
20202901,완벽한 여자,20201009
20202904,마지막 사랑,20200904
20201365,장모의 맛,20200724
20200129,러브라인,20201101
20198676,타오르는 여인의 초상,20200116
20192101,히트맨,20200122
20206056,처형의 유혹,20200707
20206057,새엄마의 유혹,20200707
20191050,여직원 사용 설명서,20200325
20191049,형수의 성교육,20200326
20204166,형수님은 열아홉,20200805
20205107,19금 비밀과외,20200911
20209446,너무 큰 여선배 - 무삭제,20201021
20208668,너무 큰 여선배,20200508
20205941,룸싸롱 여대생들 3,20200420
20201563,착한 형수 5,20201021
20181871,착한 형수 4 무삭제,20200303
20205375,여자 하숙집 4,20201110
20202310,나는 야한 여자가 좋다 4 - 무삭제판,20201118
20202307,나는 야한 여자가 좋다 4,20200730
20197462,어린 형수 5 - 무삭제판 ,20200205
20201374,비뇨기과 여의사들 3,20201124
20205185,비뇨기과 여의사들 2 무삭제,20200716
20204970,비뇨기과 여의사들 2,20200210
20205064,정사 : 친구의 엄마 3 무삭제,20200716
20209012,두 번째 엄마-불륜정사,20201203
20113252,톰보이,20200514
20207405,욕구불만 친구엄마,20200612
20209842,엄마친구 7,20201023
20190621,죽지않는 인간들의 밤,20200929
20200162,소년시절의 너,20200709
20207561,싸움의 기술 2,20200522
20190972,싸움의 기술,20200227
20206141,바이올렛 에버가든 – 영원과 자동 수기 인형 -,20200326
20206547,극장판 바이올렛 에버가든,20201112
20195711,너는 달밤에 빛나고,20200610
20192697,미스터 보스,20201230
20206082,들리나요?,20200610
20193862,엄마 바람피게하기 ,20200116
20205621,시호,20200227
20207341,레이니 데이 인 뉴욕,20200506
20208261,범털,20200514
20124722,피아니스트의 전설,20200101
20183791,바다로 가자,20200618
20183358,겨울밤에,20201210
20181169,나는보리,20200521
20190735,마티아스와 막심,20200723
20209076,오피스텔: 친구애인,20201005
20182447,클로젯,20200205
20201989,롯폰기:불타는 하룻밤,20201116
20202181,이별식당,20200827
20206063,원정녀 1호의 사연 무삭제,20200302
20202962,맛있는 이모,20200721
20193172,바람피기 좋은 하루 ,20200922
20207855,바람피기 좋은 날,20200923
20207120,하녀엄마 : 끝없는 정사,20201009
20206761,밀애 : 친구엄마 3,20200629
20203763,충격 실제정사,20201221
20200766,실제정사,20200617
20193450,반도,20200715
20181105,기억의 전쟁,20200227
20197922,다만 악에서 구하소서,20200805
20196938,트랜짓,20200702
20201173,운디네,20201224
20202502,애프터: 그 후,20201007
20200909,스왈로우,20200703
20201174,언플랜드,20201217
20207282,태양의 소녀들,20201022
20206424,사랑하고 있습니까,20200325
20207723,보이콰이어,20200514
20209954,광주비디오: 사라진 4시간,20200716
20202853,장 미쉘 바스키아: 더 레이디언트 차일드,20201209
20190582,내가 죽던 날,20201112
20192193,도굴,20201104
20209021,런 보이 런,20200528
20196842,걸즈 앤 판처 최종장 제1화,20200108
20209946,담쟁이,20201028
20209111,슈퍼펫,20200813
20205262,엽문4: 더 파이널,20200401
20207531,퍼스트 러브,20201217
20206021,건즈 아킴보,20200415
20178401,검객,20200923
20190601,디바,20200923
20192623,어서오시게스트하우스,20200813
20201002,조제,20201210
20194242,왕대륙의 기묘기사,20200430
20193666,오! 문희,20200902
20199816,담보,20200929
20202625,마지막 휴가,20201210
20183385,카오산 탱고,20200730
20200246,부활: 그 증거,20201008
20204098,안티고네,20201119
20198484,나를 구하지 마세요,20200910
20195962,증발,20201112
20206197,3개의 얼굴들,20210304
20021031,남색대문,20210818
20217005,영면,20210701
20218604,극장판 짱구는 못말려: 격돌! 낙서왕국과 얼추 네 명의 용사들,20210915
20211761,마마무 2021 웨어 아 위 콘서트 더 무비,20211203
20195959,사막을 건너 호수를 지나,20211230
20212930,가면-감춰진 진실,20211231
20200703,극장판 귀멸의 칼날: 무한열차편,20210127
20218420,은혼 더 파이널,20210722
20218002,예르미타시 예술의 힘,20210512
20210301,귀멸의 칼날: 남매의 연,20211110
20218211,프라도 위대한 미술관 ,20210609
20210302,퍼스트 카우,20211104
20211986,젊은 장모님,20211217
20211342,옆집 아줌마,20211112
20210452,바람난 남편,20211015
20202792,스트레스 제로,20210203
20215809,잃어버린 얼굴 1895,20210224
20216982,내 학생의 엄마 5 무삭제,20210718
20216783,내 학생의 엄마 5,20210402
20205376,여자 하숙집 4 무삭제,20210513
20216285,비뇨기과 여의사들 3 무삭제,20210308
20216882,스와핑 : 친구의 아내 3 무삭제,20211019
20216881,스와핑 : 친구의 아내 3,20210412
20216562,내 아내의 언니 4 무삭제,20211205
20216407,내 아내의 언니 4,20210731
20217330,네가 내가 되었으면 좋겠다,20210601
20219331,여름날 우리,20210825
20218194,아이윌 송,20210701
20218168,전야,20210603
20201005,사다코,20210915
20210173,킬링 오브 투 러버스,20211014
20200472,세상의 모든 디저트: 러브 사라,20210204
20215166,다함께 여름!,20211007
20214763,내겐 너무 소중한 너,20210512
20200302,십개월의 미래 ,20211014
20196753,당신의 사월,20210401
20201022,북스마트,20210127
20218364,랑종,20210714
20218333,꽃다발 같은 사랑을 했다,20210714
20218789,피어썸,20211007
20205158,아홉수 로맨스,20210224
20142405,CCTV,20210707
20217728,범털 2: 쩐의 전쟁,20210513
20202786,귀여운 남자,20210114
20217898,"2021 스웨그 에이지 : 외쳐, 조선!",20210513
20218415,드라이브 마이 카,20211223
20169305,해피 아워,20211209
20210087,듄,20211020
20205144,미나리,20210303
20207582,학교 가는 길,20210505
20190683,아무도 없는 곳,20210331
20216555,아르코 라이브 뮤지컬 호프,20210303
20205155,"조제, 호랑이 그리고 물고기들",20210331
20211549,로그 인 벨지움,20211201
20209143,휴가,20211021
20198501,빛과 철,20210218
20183772,태일이,20211201
20219630,사제로부터 온 편지,20210819
20204485,내여자에게 남자가 생겼다,20210128
20215973,색밝히는 가정부,20210218
20218768,오피스텔: 친구애인 무삭제,20210705
20217399,롯폰기:불타는 하룻밤 무삭제판,20210401
20193170,바람피기 좋은 하루 무삭제,20210126
20209627,아이,20210210
20209138,좋은 사람,20210909
20219893,상견니 대만판 12화,20210831
20219261,엄친딸 : 2대 1 사랑 나누기,20210822
20210977,아내의 몸빵,20211117
20210390,스와핑 : 옆집 신혼부부,20211026
20210235,스와핑 : 여자 헬스 트레이너,20211004
20211533,스와핑 : 맛있는 자매,20211127
20217150,맛있는 자매덮밥,20210321
20211504,싸나희 순정,20211125
20211753,새엄마 하숙집,20211218
20212434,보지만 말고 넣어,20211227
20218578,젊은엄마의 실제정사,20210617
20219125,애로남녀 실제정사,20210720
20210366,형수는 내 여자:젖은 형수,20210913
20219243,룸싸롱 : 맛있는 서비스 3 ,20210918
20219285,룸싸롱 알바생 ,20210901
20211721,돌려먹기 : 형님 먼저,20211204
20211233,나쁜 처제 3,20211114
20218966,가슴큰간병인-특별한서비스,20210716
20219894,빌리 홀리데이,20211104
20218663,성스러운 아내,20210712
20218345,괴기맨숀,20210630
20216768,몬테크리스토: 더 뮤지컬 라이브,20210319
20218758,수색자,20210929
20219739,내가 날 부를 때,20210909
20205706,쿠사마 야요이: 무한의 세계,20210519
20197277,#아이엠히어,20210114
20218904,코다,20210831
20210611,리슨,20211209
20217948,꼬마 마법사 레미: 견습 마법사를 찾아서,20210519
20219850,바람난 가족들,20210818
20209515,메이드 인 루프탑,20210623
20197434,자산어보,20210331
20210619,젖 큰 자매들,20210930
20219820,한창나이 선녀님,20211020
20226877,미혹,20221019
20211933,탈명검: 첩혈강호,20220215
20211527,어거스트 버진,20220324
20225124,시대혁명,20221013
20226380,어웨이크,20220824
20223614,루이스 웨인: 사랑을 그린 고양이 화가,20220406
20227445,원피스 필름 레드,20221130
20201792,액션동자,20220505
20227122,스물다섯 그리고 스물,20221104
20227136,나에게 남은 섹스시간,20221014
20226449,죽여주는 여자,20220902
20224002,살색을 찍는 사람들,20220603
20212721,에스코트,20220107
20223191,모텔방에서 사는 여자,20220204
20212714,이 죽일놈의 사정,20220114
20200523,물방울을 그리는 남자,20220928
20227756,킹덤2: 아득한 대지로,20221116
20223278,극장판 주술회전 0,20220217
20209348,쓰리: 아직 끝나지 않았다,20220421
20223636, 두 번째 엄마2: 엄마의 손님,20220120
20226824,상담받다 물터진 미시녀,20220823
20223396,내 아내의 언니 5 무삭제,20220610
20216965,내 아내의 언니 5,20220205
20226289,가족여행 커플체인지,20221104
20204845,공기살인,20220422
20211472,늑대사냥,20220921
20223722,B컷,20220330
20218527,이공삼칠,20220608
20224882,마녀(魔女) Part2. The Other One,20220615
20211382,오마주,20220526
20211872,감동주의보,20220622
20208051,신황제를 위하여,20221219
20200741,대가리3-일진후배들,20220624
20191223,대가리2-학교무림,20220624
20194425,대가리,20220624
20224077,하로동선,20220330
20224572,아부쟁이,20220616
20226799,부적: 남의 운을 빼앗는 자,20220907
20211570,우수,20221124
20225968,통영에서의 하루,20221124
20228062,살인청부업자,20221103
20223740,크리스마스 캐럴,20221207
20228612,팬픽에서 연애까지,20221222
20227073,신 에반게리온 극장판,20221005
20227810,에반게리온 신극장판: Q,20221014
20227788,에반게리온 신극장판: 서,20221014
20227798,에반게리온 신극장판: 파,20221014
20219711,늑대들,20220427
20217334,안녕하세요,20220525
20212665,심야카페: 미씽 허니,20221117
20196410,비상선언,20220803
20194376,탑건: 매버릭,20220622
20225164,어린여동생의 떡선물,20220705
20228313,"오늘 밤, 세계에서 이 사랑이 사라진다 해도",20221130
20226798,에브리씽 에브리웨어 올 앳 원스,20221012
20209186,태어나길 잘했어,20220414
20210364,탄생,20221130
20225058,명색이 아프레걸,20220526
20209246,리멤버 미,20220629
20225555,노스맨,20220831
20217905,데시벨,20221116
20192354,특송,20220112
20210848,견왕: 이누오,20221208
20209132,달이 지는 밤,20220922
20211567,수프와 이데올로기,20221020
20190299,이상한 나라의 수학자,20220309
20201875,선데이리그,20221005
20225114,극장판 윌벤져스 : 수상한 캠핑 대소동,20220623
20198317,인생은 아름다워,20220928
20224881,마지막부자 최준,20220506
20209349,나를 죽여줘,20221019
20196776,프린세스 아야,20220921
20224598,동감,20221116
20211242,고속도로 가족,20221102
20218685,작은새와 돼지씨,20220825
20200155,모어,20220623
20191162,녹턴,20220818
20217124,성적표의 김민영,20220908
20217298,불도저에 탄 소녀,20220407
20224476,윤시내가 사라졌다,20220608
20211546,같은 속옷을 입는 두 여자,20221110
20228586,나나,20221215
20219337,"1975 킬링필드, 푸난",20220127
20217624,컴백홈,20221005
20210140,젠틀맨,20221228
20217104,희수,20221215
20196478,영웅,20221221
20204548,범죄도시2,20220518
20217027,옆집사람,20221103
20227762,올빼미,20221123
20227715,새아빠와모녀2,20221018
20228788,몸으로 하는 이모의 영업 비밀,20221228
20228767,BJ여동생의 VIP 팬방 : 내 동생이 벗방에 초대 됐다,20221228
20227221,처제에게 먹혀버린 형부,20220929
20227235,옆집 노인에게 조련당한 새댁,20220929
20226397,남편 동생에게 위 아래 더럽혀진 몸,20220818
20226385,형부 유혹한 음탕한 처제,20220819
20226399,성적 올려주는 I컵 과외 선생님,20220823
20226398,육덕 여상사에 먹혀버린 물건,20220819
20226396,남매끼리 하니까 좋아?,20220818
20224579,악마들,20230705
20230545,말없는 소녀,20230531
20232077,어른 김장하,20231115
20235568,언더 유어 베드,20231213
20227410,천박사 퇴마 연구소: 설경의 비밀,20230927
20232839,차박- 살인과 낭만의 밤,20230913
20235261,극장판 파워 디지몬 더 비기닝,20231129
20231089,존 윅 4,20230412
20232284,만분의 일초,20231115
20217388,육지것들,20230608
20230167,아줌마,20231129
20223452,레이디,20230726
20234796,비밀,20231213
20231306,이 구역 섹스에 미친X,20230519
20228555,더 퍼스트 슬램덩크,20230104
20225894,뉴 노멀,20231108
20233299,크레센도,20231220
20234639,남친이 군대 간 사이,20230926
20234295,교환부부의 세계3 ： 그들만의 은밀한 테크닉,20230915
20234065,술집에서 몰래 하는 사이,20230913
20234064,AS기사 유혹하는 여주인,20230925
20234053,여대생 가사도우미,20230830
20233663,mz 자매의 목적,20230815
20233665,새엄마 아빠에게는 비밀로 해요,20230901
20233532,여사장 : 월급대신 떡,20230926
20233530,우리동네 미용실 ： 2대1서비스,20230816
20233118,그녀의 PS파트너,20230802
20233119,젖 큰 가정교사와 이대일 2,20230809
20233574,어린 처제2,20230824
20234604,결혼을 반대한 형이 아내를 건드렸다,20230926
20232831,직장 내 부부 교환 섹스,20230803
20230129,상담받다 물터진 미시녀2,20230503
20234114,괴물,20231129
20234517,이상한 나라의 달빛요정,20231019
20208962,대외비,20230301
20231342,초대의 법칙,20230511
20233178,블루 자이언트,20231018
20219997,드림팰리스,20230531
19888116,거룩한 술꾼의 전설,20230830
20239877,애프터썬,20230201
20228210,괴인,20231108
20231664,내 아내를 임신시켜줘,20230518
20236795,리향,20231228
20232620,2022 심규선 단독 콘서트 [밤의 정원: 앙코르],20230708
20193706,카운트,20230222
20218541,밀수,20230726
20231830,섹스에 빠진 제수씨 무삭제판,20230629
20197654,소울메이트,20230315
20212667,화사한 그녀,20231011
20227626,화란,20231011
20227679,프리 철수 리,20231018
20224495,폭로,20230920
20225824,치악산,20230913
20227891,지옥만세,20230816
20211101,절해고도,20230927
20224667,잠,20230906
20228571,작은정원,20230712
20231794,우리의 하루,20231019
20224517,용감한 시민,20231025
20212350,약속,20231101
20202247,싱글 인 서울,20231129
20233075,신체모음.zip,20230830
20212866,서울의 봄,20231122
20230966,사채소년,20231122
20234673,뽀로로 극장판 슈퍼스타 대모험,20231213
20232227,믿을 수 있는 사람,20231018
20233921,물귀신,20231109
20227522,룩앳미 터치미 키스미,20231206
20231930,독친,20231101
20235290,도티와 영원의 탑,20231227
20218935,더 문,20230802
20226500,달짝지근해: 7510,20230815
20212365,느티나무 아래,20231115
20203702,노량: 죽음의 바다,20231220
20227628,나의 피투성이 연인,20231115
20234798,극장판 우당탕탕 은하안전단: 진정한 용기!,20231130
20226897,그녀의 취미생활,20230830
20227525,교토에서 온 편지,20231206
20223896,거미집,20230927
20197122,1947 보스톤,20230927
20228819,30일,20231003
20218078,납치: 사라진 메구미,20230923
20211047,오늘 출가합니다,20230405
20231212,바람개비,20230510
20190324,3일의 휴가,20231206
20233203,르네에게,20231227
20227550,5시부터 7시까지의 주희,20231108
20223609,비밀의 언덕,20230712
20224723,시간을 꿈꾸는 소녀,20230111
20231634,괴담만찬,20231018
20231677,남은 인생 10년,20230524
20231546,어디로 가고 싶으신가요,20230705
20184585,만해 한용운 님의침묵,20230629
20232094,나비효과,20230622
20231021,울지마 엄마,20230517
20230561,연악: 나의 운명,20230810
20228926,어느 날 그녀가 우주에서,20231122
20233528,흠뻑채운 젖은 속살,20230825
20233435,탐욕에 젖은 섹스,20230825
20233434,탐욕스런 동침,20230825
20249318,챌린저스,20240424
20244364,할머니가 죽기 전 백만장자가 되는 법,20241009
20180106,태풍 클럽,20240626
20233217,더 킬러스,20241023
20212352,1승,20241204
20249477,자기만의 방,20241120
20249411,힘을 낼 시간,20241218
20243789,피지컬 뷁 명기 선발전,20240821
20242079,피지컬 뷁 섹시 챌린지,20240711
20227527,공작새,20241023
20247693,위키드,20241120
20235557,클로즈 유어 아이즈,20241106
20244762,서브스턴스,20241211
20247017,대가족,20241211
20218459,드라이브,20240612
20241498,도토리,20240627
19798147,복수는 나의것,20241106
20236776,비욘드 유토피아,20240131
20212932,탈주,20240703
20228796,하얼빈,20241224
20236697,장인과 사위,20240215
20208245,핸섬가이즈,20240626
20227570,울산의 별,20240124
20243597,호비와 마법의 카네이션,20240925
20200142,소방관,20241204
20249502,"침몰 10년, 제로썸",20241121
20234686,그 여름날의 거짓말,20240828
20204271,행복의 나라,20240814
20246269,면접교섭,20241225
20243004,엑소시스트: 더 데빌,20240925
20234045,설계자,20240529
20249507,극장판 하이큐!! 쓰레기장의 결전,20240515
20249733,사랑의 하츄핑,20240807
20234713,딸에 대하여,20240904
20232134,돌핀,20240313
20190300,보고타: 마지막 기회의 땅,20241231
20236462,세입자,20241204
20246193,"알레고리, 잇츠 낫 미",20241218
20252467,자살 전 준비 운동,20241225
20233218,6시간 후 너는 죽는다,20241016
20233213,여름이 끝날 무렵의 라트라비아타,20240911
20236566,언니 유정,20241204
20247271,"X를 담아, 당신에게",20241211
20248530,아침바다 갈매기는,20241127
20244796,움베르토 에코. 세계의 도서관,20241211
20249504,보티첼리. 피렌체와 메디치,20240424
20231415,소풍,20240207
20246777,더 폴: 디렉터스 컷,20241225
20245240,상간시대,20241108
20242368,하숙집 딸은 맛있다-상상하면 벗는다,20240816
20241268,미안하다 사정했다,20240712
20240132,마스크 걸-라이브 방송,20240524
20233261,청설,20241106
20245445,가사도우미-내 남편과 자도 좋아,20241206
20245239,기남기녀 단톡방-집밥만 먹으면 질리잖아,20241101
20244462,위장부부,20241004
20242367,몇 번을 채워도 모자란 깊은구멍,20240819
20247027,조건섹스:라스트 원나잇,20240209
20240058,BJ 떡방 수사대,20240524
20241269,재벌집 여비서-고자아들을 부탁해,20240719
20248083,원 안에 사람들,20241214
20247430,퍼스트레이디,20241212
20233781,미망,20241120
20245977,극장판 짱구는 못말려: 우리들의 공룡일기,20241218
20247574,아메바 소녀들과 학교괴담: 개교기념일,20241106
20244912,아노라,20241106
20232137,"결혼, 하겠나?",20241023
20246201,니코: 오로라 원정대의 모험,20241225
20246252,모든 것은 아르망에서 시작되었다,20241225
20244850,시빌 워: 분열의 시대,20241231
20230137,"컷, 다시 갈게요",20241229
20246135,음탕한 아내는 음란교사,20241231
20240801,음란한 가랑이 무삭제판,20241231
20240803,유부녀의 터진 성욕 무삭제판,20241231
20246136,섹스를 즐기는 유부녀,20241231
20244227,새엄마의 최면술,20241231
20248918,새엄마의 음란 위로 무삭제판,20241231
20245237,새엄마에게 들킨 자위,20241231
20245247,멈추지 않는 손놀림,20241231
20247709,욕정 터진 아줌마:아들 친구의 맛,20241227
20247687,섹시한 여주인 아이의 특별한 서비스,20241227
20243410,남편 상사 : 아내가 접대하는 날,20241227
20246924,마이 러브돌,20241226
20249691,잘 후리는 새엄마-벌려진 내 아랫도리,20241230
20249690,여사장의 무방비한 둔덕-일단 넣고 봤다,20241230
20249670,섹스상담-크게 세워드려요,20241230
20249671,4인용 텐트-유부녀1 남자3,20241230
20248145,대지진 20.0 ,20241219
20246899,방콕 범죄도시  ,20241219
20246926,스틸 미씽,20241219
20246898,인비저블 캅,20241219
20246925,시크릿 웨폰,20241219
20249152,유혹 : 여자가 하고 싶을 때,20241220
20247482,아들친구의 팬티를 내리고 냄새를 맡는다,20241220
20245444,랜드 오브 워,20241219
20248059,취업의 정석,20241218
20242366,누나 친구 4,20241216
20233057,아마존 활명수,20241030
20249860,투명 인간 아내의 불륜,20241226
20249862,아버지 올라타 트월킹 추는 이쁜이,20241226
20240320,다른 것으로 알려질 뿐이지,20250827
20256711,더 로즈: 완벽한 이혼,20250917
20246171,엠파이어,20250820
20255937,어글리 시스터,20250820
20256002,아임 스틸 히어,20250820
20256439,식사이론,20250820
20256970,스피릿 핑거스! 2화,20250820
20256986,스피릿 핑거스! 1화,20250820
20155809,맘마 로마,20250820
20110026,로마의 휴일,20250820
20255538,내 말 좀 들어줘,20250820
20232153,THE 자연인,20250820
20257209,임영웅 [아임 히어로 2] 청음회,20250828
20256281,첫사랑 엔딩,20250827
20234833,비밀일 수밖에,20250910
20256526,브레드이발소: 베이커리타운의 악당들,20250927
20253369,송송송 가족여행 : 전기차 지구횡단,20250910
20243864,연의 편지,20251001
20247245,홈캠,20250910
20240206,전력질주,20250910
20248711,발레리나,20250806
20256011,여섯 명의 거짓말쟁이 대학생,20250903
20256557,동그라미,20251001
20257037,가족의 비밀,20250910
20246333,3670,20250903
20240549,베르메르: 위대한 전시회,20250917
20233039,살인자 리포트,20250905
20231024,온리 갓 노우즈 에브리띵,20250822
20249072,3학년 2학기,20250903
20256985,메이크 어 걸,20250910
20242964,얼굴,20250911
20256101,마지막 숙제,20250903
20256605,신입기자 토롯코,20250903
20256684,웨폰,20251015
20248537,옆집 유부녀의 달콤한 속삭임에 빠진 동정남,20250813
20249721,약점 잡혀 벌어진 형수님 다리 무삭제판,20250813
20254722,신명,20250602
20253224,"다시 만날, 조국",20250514
20256664,글래머의 더러운 섹스 취향,20250817
20256663,귀여운 복숭아 엉덩이에 대물 넣기,20250817
20256647,욕정 가득 음란한 아줌마,20250816
20256646,어리지만 섹스 좋아해요,20250816
20256361,프라우드 프린세스: 로열 어드벤처,20250815
20256662,육덕녀라 더 찰지는 맛,20250815
20256016,누나와 여친 사이,20250815
20256645,곱게 늙은 아줌마의 야한 섹스,20250815
20191104,815사수작전,20250814
20256701,긴키 지방의 어느 장소에 대하여,20250813
20256741,아기돼지 3형제: 도넛별 대모험,20250904
20256307,"나의 아픈, 사랑이야기",20250813
20257017,스피릿 핑거스! 6화,20250903
20257025,스피릿 핑거스! 5화,20250903
20256971,스피릿 핑거스! 3화,20250827
20256987,스피릿 핑거스! 4화,20250827
20245055,백산 - 의령에서 발해까지,20250205
20210546,악마가 이사왔다,20250813
20255201,탐정 키엔: 사라진 머리,20250618
20256079,폭스 헌트,20250813
20256382,제프 맥페트리지: 드로잉 라이프,20250813
20255655,식스데이즈,20250813
20186343,스탑 메이킹 센스,20250813
20251543,독립군: 끝나지 않은 전쟁,20250813
20256001,추적,20250806
20249464,우리 둘 사이에,20250730
20256301,그랑 메종 파리,20250827
20241941,좀비딸,20250730
20256963,결혼 피로연,20250924
20251542,너는 나를 불태워,20250827
20244539,수연의 선율,20250806
20233227,전지적 독자 시점,20250723
20252680,스머프,20250806
20253962,빌리와 용감한 타이거 킹,20250911
20256185,프리키 프라이데이 2,20250827
20246270,써니데이,20250219
20255923,하숙생：위험한 동거 무삭제판,20250808
20256052,엔하이픈 브이알콘서트 : 이머전,20250808
20256149,머티리얼리스트,20250808
20244537,강령: 귀신놀이,20250806
20256314,요루시카 라이브 2024 [전생],20250807
20255862,떡 맛,20250807
20255330,나 맛있지 2,20250807
20256489,가려진 전선,20250807
20234933,검은 령,20250827
20255945,망국전쟁 : 뉴라이트의 시작,20250723
20256793,타히티의 고갱. 잃어버린 낙원,20250827
20254275,킹 오브 킹스,20250716
20255912,틴 솔저,20250806
20256504,청춘멧돼지 아타라시이 각코! 더 무비,20250806
20180110,여름정원,20250806
20256381,야당: 익스텐디드 컷,20250806
20245125,앞뒤 좋아하는 옆집 섹녀 무삭제판,20250805
20244946,니네 엄마 잘하더라 무삭제판,20250805
20254607,페니키안 스킴,20250528
20256071,투게더,20250903
20254526,승리의 시작,20250619
20255559,반 고흐. 밀밭과 구름 낀 하늘,20250730
20255281,구마수녀 - 들러붙었구나,20250717
20235794,부재,20250827
20253791,엣 더 벤치,20250730
20244606,바로 지금 여기,20250917
